id_user,"nom","prenom","telephone","email"
1,Tanner,Turner,498-5543,t_turner@outlook.org
2,Jacob,Jarvis,1-776-485-2876,j_jarvis@hotmail.ca
3,Chadwick,Carey,442-6492,c.carey8769@outlook.edu
4,Nolan,Marshall,1-687-614-5321,marshall-nolan@icloud.org
5,Carol,Vang,372-0524,carolvang@outlook.com
6,Basia,Michael,260-7844,michael-basia910@outlook.net
7,Carissa,White,384-3483,carissa-white2087@outlook.edu
8,Zeus,Zamora,1-823-137-0527,zzamora1567@hotmail.sn
9,Allegra,Townsend,1-717-216-1733,tallegra@icloud.com
10,Florence,Wood,1-546-328-8823,f_wood@outlook.net
11,Burton,Hensley,1-367-237-4108,b-hensley@icloud.sn
12,Jada,Benson,884-6332,jada_benson4946@yahoo.sn
13,Demetria,Hurley,641-4742,dhurley@icloud.org
14,Lydia,Roberts,233-7323,l_roberts7818@icloud.edu
15,Maile,Rowe,1-448-367-2864,maile_rowe@outlook.edu
16,Baxter,Davidson,1-776-426-3417,bdavidson@hotmail.net
17,Paloma,Hicks,1-212-654-4627,paloma_hicks4365@gmail.net
18,Tashya,Bradford,1-732-595-9886,t_bradford2019@gmail.net
19,Chastity,Morton,556-7720,m-chastity@icloud.ca
20,Roth,Delaney,1-226-347-9837,d.roth@outlook.com
21,Castor,Dyer,856-4132,dyer.castor@gmail.sn
22,Aphrodite,Brewer,594-3983,a_brewer@gmail.ca
23,Hall,Greene,726-7713,hgreene@icloud.ca
24,Colorado,Miles,1-173-235-5804,miles_colorado@outlook.edu
25,Ian,Walls,887-6563,ian_walls@yahoo.sn
26,Whitney,Cooley,542-6226,cooley-whitney9379@outlook.ca
27,Stacey,Barrett,1-442-967-3547,s.barrett@icloud.sn
28,Gregory,Giles,1-841-905-7546,giles.gregory@outlook.sn
29,Ivory,Koch,914-1763,koch-ivory@yahoo.com
30,Cruz,Pearson,236-4811,pearsoncruz6081@hotmail.ca
31,Steel,Potts,1-646-687-4572,s_potts2544@icloud.sn
32,Nathaniel,Hunt,734-1854,nathaniel_hunt1643@outlook.edu
33,Kim,Randolph,1-360-616-8623,r-kim8950@icloud.sn
34,Rhonda,Pate,1-731-946-7804,r_pate5376@outlook.com
35,Nerea,Thomas,1-814-641-3915,n.thomas@icloud.sn
36,Xantha,Petersen,1-887-148-4447,petersen-xantha6212@yahoo.ca
37,Melodie,Barnett,1-246-753-1771,m.barnett2172@outlook.net
38,Amity,Kinney,727-4094,kinney.amity9116@icloud.com
39,Randall,Barnes,1-541-665-5553,barnesrandall5033@gmail.ca
40,Clinton,Buck,1-415-273-7431,clinton_buck@yahoo.org
41,Castor,Perkins,495-3076,perkins_castor@outlook.ca
42,Noble,Arnold,276-5468,n.arnold5718@yahoo.org
43,Brian,Calhoun,521-4804,brian_calhoun@yahoo.sn
44,Graiden,Love,1-418-652-7489,love-graiden1684@hotmail.ca
45,Wallace,Carrillo,1-606-639-6514,w-carrillo@gmail.sn
46,Levi,Logan,1-412-232-2158,l-logan9862@gmail.sn
47,Deborah,Chen,1-705-862-8403,chen-deborah622@hotmail.sn
48,Brett,Mcknight,692-3162,mcknight-brett@gmail.edu
49,Dennis,Conley,1-653-283-2967,conley_dennis@icloud.com
50,Amir,Alford,1-826-263-1237,aalford@icloud.ca
